Parameter,Value
MSE,5.881118881118881
MAE,1.5384615384615385
R-SQUARED,-0.1351723812445429
RMSE,2.425101829020563
ACCURACY,45.45454545454545
