Parameter,Value
MSE,0.19167198
MAE,0.38232863
R-SQUARED,-0.7929716878579054
RMSE,0.4378036
ACCURACY,0.17132867153707917
